Image_ID,Class
film_0_frame0,1
film_0_frame1,1
film_0_frame2,1
film_0_frame3,1
film_0_frame4,1
film_0_frame5,1
film_0_frame6,1
film_0_frame7,1
film_0_frame8,1
film_0_frame9,1
film_0_frame10,1
film_0_frame11,1
film_0_frame12,1
film_0_frame13,1
film_0_frame14,1
film_0_frame15,1
film_0_frame16,1
film_0_frame17,1
film_0_frame18,1
film_0_frame19,1
film_0_frame20,1
film_0_frame21,1
film_0_frame22,1
film_0_frame23,1
film_0_frame24,1
film_0_frame25,1
film_0_frame26,1
film_0_frame27,1
film_0_frame28,1
film_0_frame29,1
film_0_frame30,1
film_0_frame31,1
film_0_frame32,1
film_0_frame33,1
film_0_frame34,1
film_0_frame35,1
film_0_frame36,1
film_0_frame37,1
film_0_frame38,1
film_0_frame39,1
film_0_frame40,1
film_0_frame41,1
film_0_frame42,1
film_0_frame43,1
film_0_frame44,1
film_0_frame45,1
film_0_frame46,1
film_0_frame47,1
film_0_frame48,1
film_0_frame49,1
film_0_frame50,1
film_0_frame51,1
film_0_frame52,1
film_0_frame53,1
film_0_frame54,1
film_0_frame55,1
film_0_frame56,1
film_0_frame57,1
film_0_frame58,1
film_0_frame59,1
film_0_frame60,1
film_0_frame61,1
film_0_frame62,1
film_0_frame63,1
film_0_frame64,1
film_0_frame65,1
film_0_frame66,1
film_0_frame67,1
film_0_frame68,1
film_0_frame69,1
film_0_frame70,1
film_0_frame71,1
film_0_frame72,1
film_0_frame73,1
film_0_frame74,1
film_0_frame75,1
film_0_frame76,1
film_0_frame77,1
film_0_frame78,1
film_0_frame79,1
film_0_frame80,1
film_0_frame81,1
film_0_frame82,1
film_0_frame83,1
film_0_frame84,1
film_0_frame85,1
film_0_frame86,1
film_0_frame87,1
film_0_frame88,1
film_0_frame89,1
film_0_frame90,1
film_0_frame91,1
film_0_frame92,1
film_0_frame93,1
film_0_frame94,1
film_0_frame95,1
film_0_frame96,1
film_0_frame97,1
film_0_frame98,1
film_0_frame99,1
film_0_frame100,1
film_0_frame101,1
film_0_frame102,1
film_0_frame103,1
film_0_frame104,1
film_0_frame105,1
film_0_frame106,1
film_0_frame107,1
film_0_frame108,1
film_0_frame109,1
film_0_frame110,1
film_0_frame111,1
film_0_frame112,1
film_0_frame113,1
film_0_frame114,1
film_0_frame115,1
film_0_frame116,1
film_0_frame117,1
film_0_frame118,1
film_0_frame119,1
film_0_frame120,1
film_0_frame121,1
film_0_frame122,1
film_0_frame123,1
film_0_frame124,1
film_0_frame125,1
film_0_frame126,1
film_0_frame127,1
film_0_frame128,1
film_0_frame129,1
film_0_frame130,1
film_0_frame131,1
film_0_frame132,1
film_0_frame133,1
film_0_frame134,1
film_0_frame135,1
film_0_frame136,1
film_0_frame137,1
film_0_frame138,1
film_0_frame139,1
film_0_frame140,1
film_0_frame141,1
film_0_frame142,1
film_0_frame143,1
film_0_frame144,1
film_0_frame145,1
film_0_frame146,1
film_0_frame147,1
film_0_frame148,1
film_0_frame149,1
film_0_frame150,1
film_0_frame151,1
film_0_frame152,1
film_0_frame153,1
film_0_frame154,1
film_0_frame155,1
film_0_frame156,1
film_0_frame157,1
film_0_frame158,1
film_0_frame159,1
film_0_frame160,1
film_0_frame161,1
film_0_frame162,1
film_0_frame163,1
film_0_frame164,1
film_0_frame165,1
film_0_frame166,1
film_0_frame167,1
film_0_frame168,1
film_0_frame169,1
film_0_frame170,1
film_0_frame171,1
film_0_frame172,1
film_0_frame173,1
film_0_frame174,1
film_0_frame175,1
film_0_frame176,1
film_0_frame177,1
film_0_frame178,1
film_0_frame179,1
film_0_frame180,1
film_0_frame181,1
film_0_frame182,1
film_0_frame183,1
film_0_frame184,1
film_0_frame185,1
film_0_frame186,1
film_0_frame187,1
film_0_frame188,1
film_0_frame189,1
film_0_frame190,1
film_0_frame191,1
film_0_frame192,1
film_0_frame193,1
film_0_frame194,1
film_0_frame195,1
film_0_frame196,1
film_0_frame197,1
film_0_frame198,1
film_0_frame199,1
film_0_frame200,1
film_0_frame201,1
film_0_frame202,1
film_0_frame203,1
film_0_frame204,1
film_0_frame205,1
film_0_frame206,1
film_0_frame207,1
film_0_frame208,1
film_0_frame209,1
film_0_frame210,1
film_0_frame211,1
film_0_frame212,1
film_0_frame213,1
film_0_frame214,1
film_0_frame215,1
film_0_frame216,1
film_0_frame217,1
film_0_frame218,1
film_0_frame219,1
film_0_frame220,1
film_0_frame221,1
film_0_frame222,1
film_0_frame223,1
film_0_frame224,1
film_0_frame225,1
film_0_frame226,1
film_0_frame227,1
film_0_frame228,1
film_0_frame229,1
film_0_frame230,1
film_0_frame231,1
film_0_frame232,1
film_0_frame233,1
film_0_frame234,1
film_0_frame235,1
film_0_frame236,1
film_0_frame237,1
film_0_frame238,1
film_0_frame239,1
film_0_frame240,1
film_0_frame241,1
film_0_frame242,1
film_0_frame243,1
film_0_frame244,1
film_0_frame245,1
film_0_frame246,1
film_0_frame247,1
film_0_frame248,1
film_0_frame249,1
film_0_frame250,1
film_0_frame251,1
film_0_frame252,1
film_0_frame253,1
film_0_frame254,1
film_0_frame255,1
film_0_frame256,1
film_0_frame257,1
film_0_frame258,1
film_0_frame259,1
film_0_frame260,1
film_0_frame261,1
film_0_frame262,1
film_0_frame263,1
film_0_frame264,1
film_0_frame265,1
film_0_frame266,1
film_0_frame267,1
film_0_frame268,1
film_0_frame269,1
film_0_frame270,1
film_0_frame271,1
film_0_frame272,1
film_0_frame273,1
film_0_frame274,1
film_0_frame275,1
film_0_frame276,1
film_0_frame277,1
film_0_frame278,1
film_0_frame279,1
film_0_frame280,1
film_0_frame281,1
film_0_frame282,1
film_0_frame283,1
film_0_frame284,1
film_0_frame285,1
film_0_frame286,1
film_0_frame287,1
film_0_frame288,1
film_0_frame289,1
film_0_frame290,1
film_0_frame291,1
film_0_frame292,1
film_0_frame293,1
film_0_frame294,1
film_0_frame295,1
film_0_frame296,1
film_0_frame297,1
film_0_frame298,1
film_0_frame299,1
film_0_frame300,1
film_0_frame301,1
film_0_frame302,1
film_0_frame303,1
film_0_frame304,1
film_0_frame305,1
film_0_frame306,1
film_0_frame307,1
film_0_frame308,1
film_0_frame309,1
film_0_frame310,1
film_0_frame311,1
film_0_frame312,1
film_0_frame313,1
film_0_frame314,1
film_0_frame315,1
film_0_frame316,1
film_0_frame317,1
film_0_frame318,1
film_0_frame319,1
film_0_frame320,1
film_0_frame321,1
film_0_frame322,1
film_0_frame323,1
film_0_frame324,1
film_0_frame325,1
film_0_frame326,1
film_0_frame327,1
film_0_frame328,1
film_0_frame329,1
film_0_frame330,1
film_0_frame331,1
film_0_frame332,1
film_0_frame333,1
film_0_frame334,1
film_0_frame335,1
film_0_frame336,1
film_0_frame337,1
film_0_frame338,1
film_0_frame339,1
film_0_frame340,1
film_0_frame341,1
film_0_frame342,1
film_0_frame343,1
film_0_frame344,1
film_0_frame345,1
film_0_frame346,1
film_0_frame347,1
film_0_frame348,1
film_0_frame349,1
film_0_frame350,1
film_0_frame351,1
film_0_frame352,1
film_0_frame353,1
film_0_frame354,1
film_0_frame355,1
film_0_frame356,1
film_0_frame357,1
film_0_frame358,1
film_0_frame359,1
film_0_frame360,1
film_0_frame361,1
film_0_frame362,1
film_0_frame363,1
film_0_frame364,1
film_0_frame365,1
film_0_frame366,1
film_0_frame367,1
film_0_frame368,1
film_0_frame369,1
film_0_frame370,1
film_0_frame371,1
film_0_frame372,1
film_0_frame373,1
film_0_frame374,1
film_0_frame375,1
film_0_frame376,1
film_0_frame377,1
film_0_frame378,1
film_0_frame379,1
film_0_frame380,1
film_0_frame381,1
film_0_frame382,1
film_0_frame383,1
film_0_frame384,1
film_0_frame385,1
film_0_frame386,1
film_0_frame387,1
film_0_frame388,1
film_0_frame389,1
film_0_frame390,1
film_0_frame391,1
film_0_frame392,1
film_0_frame393,1
film_0_frame394,1
film_0_frame395,1
film_0_frame396,1
film_0_frame397,1
film_0_frame398,1
film_0_frame399,1
film_0_frame400,1
film_0_frame401,1
film_0_frame402,1
film_0_frame403,1
film_0_frame404,1
film_0_frame405,1
film_0_frame406,1
film_0_frame407,1
film_0_frame408,1
film_0_frame409,1
film_0_frame410,1
film_0_frame411,1
film_0_frame412,1
film_0_frame413,1
film_0_frame414,1
film_0_frame415,1
film_0_frame416,1
film_0_frame417,1
film_0_frame418,1
film_0_frame419,1
film_0_frame420,1
film_0_frame421,1
film_0_frame422,1
film_0_frame423,1
film_0_frame424,1
film_0_frame425,1
film_0_frame426,1
film_0_frame427,1
film_0_frame428,1
film_0_frame429,1
film_0_frame430,1
film_0_frame431,1
film_0_frame432,1
film_0_frame433,1
film_0_frame434,1
film_0_frame435,1
film_0_frame436,1
film_0_frame437,1
film_0_frame438,1
film_0_frame439,1
film_0_frame440,1
film_0_frame441,1
film_0_frame442,1
film_0_frame443,1
film_0_frame444,1
film_0_frame445,1
film_0_frame446,1
film_0_frame447,1
film_0_frame448,1
film_0_frame449,1
film_0_frame450,1
film_0_frame451,1
film_0_frame452,1
film_0_frame453,1
film_0_frame454,1
film_0_frame455,1
film_0_frame456,1
film_0_frame457,1
film_0_frame458,1
film_0_frame459,1
film_0_frame460,1
film_0_frame461,1
film_0_frame462,1
film_0_frame463,1
film_0_frame464,1
film_0_frame465,0
film_0_frame466,0
film_0_frame467,0
film_0_frame468,0
film_0_frame469,0
film_0_frame470,0
film_0_frame471,0
film_0_frame472,0
film_0_frame473,0
film_0_frame474,0
film_0_frame475,0
film_0_frame476,0
film_0_frame477,0
film_0_frame478,0
film_0_frame479,0
film_0_frame480,0
film_0_frame481,0
film_0_frame482,0
film_0_frame483,0
film_0_frame484,0
film_1_frame0,1
film_1_frame1,1
film_1_frame2,1
film_1_frame3,1
film_1_frame4,1
film_1_frame5,1
film_1_frame6,1
film_1_frame7,1
film_1_frame8,1
film_1_frame9,1
film_1_frame10,1
film_1_frame11,1
film_1_frame12,1
film_1_frame13,1
film_1_frame14,1
film_1_frame15,1
film_1_frame16,1
film_1_frame17,1
film_1_frame18,1
film_1_frame19,1
film_1_frame20,1
film_1_frame21,1
film_1_frame22,1
film_1_frame23,1
film_1_frame24,1
film_1_frame25,1
film_1_frame26,1
film_1_frame27,1
film_1_frame28,1
film_1_frame29,1
film_1_frame30,1
film_1_frame31,1
film_1_frame32,1
film_1_frame33,1
film_1_frame34,1
film_1_frame35,1
film_1_frame36,1
film_1_frame37,1
film_1_frame38,1
film_1_frame39,1
film_1_frame40,1
film_1_frame41,1
film_1_frame42,1
film_1_frame43,1
film_1_frame44,1
film_1_frame45,1
film_1_frame46,1
film_1_frame47,1
film_1_frame48,1
film_1_frame49,1
film_1_frame50,1
film_1_frame51,1
film_1_frame52,1
film_1_frame53,1
film_1_frame54,1
film_1_frame55,1
film_1_frame56,1
film_1_frame57,1
film_1_frame58,1
film_1_frame59,1
film_1_frame60,1
film_1_frame61,1
film_1_frame62,1
film_1_frame63,1
film_1_frame64,1
film_1_frame65,1
film_1_frame66,1
film_1_frame67,1
film_1_frame68,1
film_1_frame69,1
film_1_frame70,1
film_1_frame71,1
film_1_frame72,1
film_1_frame73,1
film_1_frame74,1
film_1_frame75,1
film_1_frame76,1
film_1_frame77,1
film_1_frame78,1
film_1_frame79,1
film_1_frame80,1
film_1_frame81,1
film_1_frame82,1
film_1_frame83,1
film_1_frame84,1
film_1_frame85,1
film_1_frame86,1
film_1_frame87,1
film_1_frame88,1
film_1_frame89,1
film_1_frame90,1
film_1_frame91,1
film_1_frame92,1
film_1_frame93,1
film_1_frame94,1
film_1_frame95,1
film_1_frame96,1
film_1_frame97,1
film_1_frame98,1
film_1_frame99,1
film_1_frame100,1
film_1_frame101,1
film_1_frame102,1
film_1_frame103,1
film_1_frame104,1
film_1_frame105,1
film_1_frame106,1
film_1_frame107,1
film_1_frame108,1
film_1_frame109,1
film_1_frame110,1
film_1_frame111,1
film_1_frame112,1
film_1_frame113,1
film_1_frame114,1
film_1_frame115,1
film_1_frame116,1
film_1_frame117,1
film_1_frame118,1
film_1_frame119,1
film_1_frame120,1
film_1_frame121,1
film_1_frame122,1
film_1_frame123,1
film_1_frame124,1
film_1_frame125,1
film_1_frame126,1
film_1_frame127,1
film_1_frame128,1
film_1_frame129,1
film_1_frame130,1
film_1_frame131,1
film_1_frame132,1
film_1_frame133,1
film_1_frame134,1
film_1_frame135,1
film_1_frame136,1
film_1_frame137,1
film_1_frame138,1
film_1_frame139,1
film_1_frame140,1
film_1_frame141,1
film_1_frame142,1
film_1_frame143,1
film_1_frame144,1
film_1_frame145,1
film_1_frame146,1
film_1_frame147,1
film_1_frame148,1
film_1_frame149,1
film_1_frame150,1
film_1_frame151,1
film_1_frame152,1
film_1_frame153,1
film_1_frame154,1
film_1_frame155,1
film_1_frame156,1
film_1_frame157,1
film_1_frame158,1
film_1_frame159,1
film_1_frame160,1
film_1_frame161,1
film_1_frame162,1
film_1_frame163,1
film_1_frame164,1
film_1_frame165,1
film_1_frame166,1
film_1_frame167,1
film_1_frame168,1
film_1_frame169,1
film_1_frame170,1
film_1_frame171,1
film_1_frame172,1
film_1_frame173,1
film_1_frame174,1
film_1_frame175,1
film_1_frame176,1
film_1_frame177,1
film_1_frame178,1
film_1_frame179,1
film_1_frame180,1
film_1_frame181,1
film_1_frame182,1
film_1_frame183,1
film_1_frame184,1
film_1_frame185,1
film_1_frame186,1
film_1_frame187,1
film_1_frame188,1
film_1_frame189,1
film_1_frame190,1
film_1_frame191,0
film_1_frame192,0
film_1_frame193,0
film_1_frame194,0
film_1_frame195,0
film_1_frame196,0
film_1_frame197,0
film_1_frame198,0
film_1_frame199,0
film_1_frame200,0
film_1_frame201,0
film_1_frame202,0
film_1_frame203,0
film_1_frame204,0
film_1_frame205,0
film_1_frame206,0
film_1_frame207,0
film_1_frame208,0
film_1_frame209,0
film_1_frame210,0
film_1_frame211,0
film_1_frame212,0
film_1_frame213,0
film_1_frame214,0
film_1_frame215,0
film_1_frame216,0
film_1_frame217,0
film_1_frame218,0
film_1_frame219,0
film_1_frame220,0
film_1_frame221,0
film_1_frame222,0
film_1_frame223,0
film_1_frame224,0
film_1_frame225,0
film_1_frame226,0
film_1_frame227,0
film_1_frame228,0
film_1_frame229,0
film_1_frame230,0
film_1_frame231,0
film_1_frame232,0
film_1_frame233,0
film_1_frame234,0
film_1_frame235,0
film_1_frame236,0
film_1_frame237,0
film_1_frame238,0
film_1_frame239,0
film_1_frame240,0
film_1_frame241,0
film_1_frame242,0
film_1_frame243,0
film_1_frame244,0
film_1_frame245,0
film_1_frame246,0
film_1_frame247,0
film_1_frame248,0
film_1_frame249,0
film_1_frame250,0
film_1_frame251,0
film_1_frame252,0
film_1_frame253,0
film_1_frame254,0
film_1_frame255,0
film_1_frame256,0
film_1_frame257,0
film_1_frame258,0
film_1_frame259,0
film_1_frame260,0
film_1_frame261,0
film_1_frame262,0
film_1_frame263,0
film_1_frame264,0
film_1_frame265,0
film_1_frame266,0
film_1_frame267,0
film_1_frame268,0
film_1_frame269,0
film_1_frame270,0
film_1_frame271,0
film_1_frame272,0
film_1_frame273,0
film_1_frame274,0
film_1_frame275,0
film_1_frame276,0
film_1_frame277,0
film_1_frame278,0
film_1_frame279,0
film_1_frame280,0
film_1_frame281,0
film_1_frame282,0
film_1_frame283,0
film_1_frame284,0
film_1_frame285,0
film_1_frame286,0
film_1_frame287,0
film_1_frame288,0
film_1_frame289,0
film_1_frame290,0
film_1_frame291,0
film_1_frame292,0
film_1_frame293,0
film_1_frame294,0
film_1_frame295,0
film_1_frame296,0
film_1_frame297,0
film_1_frame298,0
film_1_frame299,0
film_1_frame300,0
film_1_frame301,0
film_1_frame302,0
film_1_frame303,0
film_1_frame304,0
film_1_frame305,0
film_1_frame306,0
film_1_frame307,0
film_1_frame308,0
film_1_frame309,2
film_1_frame310,2
film_1_frame311,2
film_1_frame312,2
film_1_frame313,2
film_1_frame314,2
film_1_frame315,2
film_1_frame316,2
film_1_frame317,2
film_1_frame318,2
film_1_frame319,2
film_1_frame320,2
film_1_frame321,2
film_1_frame322,2
film_1_frame323,2
film_1_frame324,2
film_1_frame325,2
film_1_frame326,2
film_1_frame327,2
film_1_frame328,2
film_1_frame329,2
film_1_frame330,2
film_1_frame331,2
film_1_frame332,2
film_1_frame333,2
film_1_frame334,2
film_1_frame335,2
film_1_frame336,2
film_1_frame337,2
film_1_frame338,2
film_1_frame339,2
film_1_frame340,2
film_1_frame341,2
film_1_frame342,2
film_1_frame343,2
film_1_frame344,2
film_1_frame345,2
film_1_frame346,2
film_1_frame347,2
film_1_frame348,2
film_1_frame349,2
film_1_frame350,2
film_1_frame351,2
film_1_frame352,2
film_1_frame353,2
film_1_frame354,2
film_1_frame355,2
film_1_frame356,2
film_1_frame357,2
film_1_frame358,2
film_1_frame359,2
film_1_frame360,2
film_1_frame361,2
film_1_frame362,2
film_1_frame363,2
film_1_frame364,2
film_1_frame365,2
film_1_frame366,2
film_1_frame367,2
film_1_frame368,2
film_1_frame369,2
film_1_frame370,2
film_1_frame371,2
film_1_frame372,2
film_1_frame373,2
film_1_frame374,2
film_1_frame375,2
film_1_frame376,2
film_1_frame377,2
film_1_frame378,2
film_1_frame379,2
film_1_frame380,2
film_1_frame381,2
film_1_frame382,2
film_1_frame383,2
film_1_frame384,2
film_1_frame385,2
film_1_frame386,2
film_1_frame387,2
film_1_frame388,2
film_1_frame389,2
film_1_frame390,2
film_1_frame391,2
film_1_frame392,2
film_1_frame393,2
film_1_frame394,2
film_1_frame395,2
film_1_frame396,2
film_1_frame397,2
film_1_frame398,2
film_1_frame399,2
film_1_frame400,2
film_1_frame401,2
film_1_frame402,2
film_1_frame403,2
film_1_frame404,2
film_1_frame405,2
film_1_frame406,2
film_1_frame407,2
film_1_frame408,2
film_1_frame409,2
film_1_frame410,2
film_1_frame411,2
film_1_frame412,2
film_1_frame413,2
film_1_frame414,2
film_1_frame415,2
film_1_frame416,2
film_1_frame417,2
film_1_frame418,2
film_1_frame419,2
film_1_frame420,2
film_1_frame421,2
film_1_frame422,2
film_1_frame423,2
film_1_frame424,2
film_1_frame425,2
film_1_frame426,2
film_1_frame427,2
film_1_frame428,2
film_1_frame429,2
film_1_frame430,2
film_1_frame431,2
film_1_frame432,2
film_1_frame433,2
film_1_frame434,2
film_1_frame435,2
film_1_frame436,2
film_1_frame437,2
film_1_frame438,2
film_1_frame439,2
film_1_frame440,2
film_1_frame441,2
film_1_frame442,2
film_1_frame443,2
film_1_frame444,2
film_1_frame445,2
film_1_frame446,2
film_1_frame447,2
film_1_frame448,2
film_1_frame449,2
film_1_frame450,2
film_1_frame451,2
film_1_frame452,2
film_1_frame453,2
film_1_frame454,2
film_1_frame455,2
film_1_frame456,2
film_1_frame457,2
film_1_frame458,2
film_1_frame459,2
film_1_frame460,2
film_1_frame461,2
film_1_frame462,2
film_1_frame463,2
film_1_frame464,2
film_1_frame465,2
film_1_frame466,2
film_1_frame467,2
film_1_frame468,2
film_1_frame469,2
film_1_frame470,2
film_1_frame471,2
film_1_frame472,2
film_1_frame473,2
film_1_frame474,2
film_1_frame475,2
film_1_frame476,2
film_1_frame477,2
film_1_frame478,2
film_1_frame479,2
film_1_frame480,2
film_1_frame481,2
film_1_frame482,2
film_1_frame483,2
film_1_frame484,2
film_1_frame485,2
film_1_frame486,2
film_1_frame487,2
film_1_frame488,2
film_1_frame489,2
film_1_frame490,2
film_1_frame491,2
film_1_frame492,2
film_1_frame493,2
film_1_frame494,2
film_1_frame495,2
film_1_frame496,2
film_1_frame497,2
film_1_frame498,2
film_1_frame499,2
film_1_frame500,2
film_1_frame501,2
film_1_frame502,2
film_1_frame503,2
film_1_frame504,2
film_1_frame505,2
film_1_frame506,2
film_1_frame507,2
film_1_frame508,2
film_1_frame509,2
film_1_frame510,2
film_1_frame511,2
film_1_frame512,2
film_1_frame513,2
film_1_frame514,2
film_1_frame515,2
film_1_frame516,2
film_1_frame517,2
film_1_frame518,2
film_1_frame519,2
film_1_frame520,2
film_1_frame521,2
film_1_frame522,2
film_1_frame523,2
film_1_frame524,2
film_1_frame525,2
film_1_frame526,2
film_1_frame527,2
film_1_frame528,2
film_1_frame529,2
film_1_frame530,2
film_1_frame531,2
film_1_frame532,2
film_1_frame533,2
film_1_frame534,2
film_1_frame535,2
film_1_frame536,2
film_1_frame537,2
film_1_frame538,2
film_1_frame539,2
film_1_frame540,2
film_1_frame541,2
film_1_frame542,2
film_1_frame543,2
film_1_frame544,2
film_1_frame545,2
film_1_frame546,2
film_1_frame547,2
film_1_frame548,2
film_1_frame549,2
film_1_frame550,2
film_1_frame551,2
film_1_frame552,2
film_1_frame553,2
film_1_frame554,2
film_1_frame555,2
film_1_frame556,2
film_1_frame557,2
film_1_frame558,2
film_1_frame559,2
film_1_frame560,2
film_1_frame561,2
film_1_frame562,2
film_1_frame563,2
film_1_frame564,2
film_1_frame565,2
film_1_frame566,2
film_1_frame567,2
film_1_frame568,2
film_1_frame569,2
film_1_frame570,2
film_1_frame571,2
film_1_frame572,2
film_1_frame573,2
film_1_frame574,2
film_1_frame575,2
film_1_frame576,2
film_1_frame577,2
film_1_frame578,2
film_1_frame579,2
film_1_frame580,2
film_1_frame581,2
film_1_frame582,2
film_1_frame583,2
film_1_frame584,2
film_1_frame585,2
film_1_frame586,2
film_1_frame587,2
film_1_frame588,2
film_1_frame589,2
film_1_frame590,2
film_1_frame591,2
film_1_frame592,2
film_1_frame593,2
film_1_frame594,2
film_1_frame595,2
film_1_frame596,2
film_1_frame597,2
film_1_frame598,2
film_1_frame599,2
film_1_frame600,2
film_1_frame601,2
film_1_frame602,2
film_1_frame603,2
film_1_frame604,2
film_1_frame605,2
film_1_frame606,2
film_1_frame607,2
film_1_frame608,2
film_1_frame609,2
film_1_frame610,2
film_1_frame611,2
film_1_frame612,2
film_1_frame613,2
film_1_frame614,2
film_1_frame615,2
film_1_frame616,2
film_1_frame617,2
film_1_frame618,2
film_1_frame619,2
film_1_frame620,2
film_1_frame621,2
film_1_frame622,2
film_1_frame623,2
film_1_frame624,2
film_1_frame625,2
film_1_frame626,2
film_1_frame627,2
film_1_frame628,2
film_1_frame629,2
film_1_frame630,2
film_1_frame631,2
film_1_frame632,2
film_1_frame633,2
film_1_frame634,2
film_1_frame635,2
film_1_frame636,2
film_1_frame637,2
film_1_frame638,2
film_1_frame639,2
film_1_frame640,2
film_1_frame641,2
film_1_frame642,2
film_1_frame643,2
film_1_frame644,2
film_1_frame645,2
film_1_frame646,2
film_1_frame647,2
film_1_frame648,2
film_1_frame649,2
film_1_frame650,2
film_1_frame651,2
film_1_frame652,2
film_1_frame653,2
film_1_frame654,2
film_1_frame655,2
film_1_frame656,2
film_1_frame657,2
film_1_frame658,2
film_1_frame659,2
film_1_frame660,2
film_1_frame661,2
film_1_frame662,2
film_1_frame663,2
film_1_frame664,2
film_1_frame665,2
film_1_frame666,2
film_1_frame667,2
film_1_frame668,2
film_1_frame669,2
film_1_frame670,2
film_1_frame671,2
film_1_frame672,2
film_1_frame673,2
film_1_frame674,2
film_1_frame675,2
film_1_frame676,2
film_1_frame677,2
film_1_frame678,2
film_1_frame679,2
film_1_frame680,2
film_1_frame681,2
film_1_frame682,2
film_1_frame683,2
film_1_frame684,2
film_1_frame685,2
film_1_frame686,2
film_1_frame687,2
film_1_frame688,2
film_1_frame689,2
film_1_frame690,2
film_1_frame691,2
film_1_frame692,2
film_1_frame693,2
film_1_frame694,2
film_1_frame695,2
film_1_frame696,2
film_1_frame697,2
film_1_frame698,2
film_1_frame699,2
film_1_frame700,2
film_1_frame701,2
film_1_frame702,2
film_1_frame703,2
film_1_frame704,2
film_1_frame705,2
film_1_frame706,2
film_1_frame707,2
film_1_frame708,2
film_1_frame709,2
film_1_frame710,2
film_1_frame711,2
film_1_frame712,2
film_1_frame713,2
film_1_frame714,2
film_1_frame715,2
film_1_frame716,2
film_1_frame717,2
film_1_frame718,2
film_1_frame719,2
film_1_frame720,2
film_1_frame721,2
film_1_frame722,2
film_1_frame723,2
film_1_frame724,2
film_1_frame725,2
film_1_frame726,2
film_1_frame727,2
film_1_frame728,2
film_1_frame729,2
film_1_frame730,2
film_1_frame731,2
film_1_frame732,2
film_1_frame733,2
film_1_frame734,2
film_1_frame735,2
film_1_frame736,2
film_1_frame737,2
film_1_frame738,2
film_1_frame739,2
film_1_frame740,2
film_1_frame741,2
film_1_frame742,2
film_1_frame743,2
film_1_frame744,2
film_1_frame745,2
film_1_frame746,2
film_1_frame747,2
film_1_frame748,2
film_1_frame749,2
film_1_frame750,2
film_1_frame751,2
film_1_frame752,2
film_1_frame753,2
film_1_frame754,2
film_1_frame755,2
film_1_frame756,2
film_1_frame757,2
film_1_frame758,2
film_1_frame759,2
film_1_frame760,2
film_1_frame761,2
film_1_frame762,2
film_1_frame763,2
film_1_frame764,2
film_1_frame765,2
film_1_frame766,2
film_1_frame767,2
film_1_frame768,2
film_1_frame769,2
film_1_frame770,2
film_1_frame771,2
film_1_frame772,2
film_1_frame773,2
film_1_frame774,2
film_1_frame775,2
film_1_frame776,2
film_1_frame777,2
film_1_frame778,2
film_1_frame779,2
film_1_frame780,2
film_1_frame781,2
film_1_frame782,2
film_1_frame783,2
film_1_frame784,2
film_1_frame785,2
film_1_frame786,2
film_1_frame787,2
film_1_frame788,2
film_1_frame789,2
film_1_frame790,2
film_1_frame791,2
film_1_frame792,2
film_1_frame793,2
film_1_frame794,2
film_1_frame795,2
film_1_frame796,2
film_1_frame797,2
film_1_frame798,2
film_1_frame799,2
film_1_frame800,2
film_1_frame801,2
film_1_frame802,2
film_1_frame803,2
film_1_frame804,2
film_1_frame805,2
film_1_frame806,2
film_1_frame807,2
film_1_frame808,2
film_1_frame809,2
film_1_frame810,2
film_1_frame811,2
film_1_frame812,2
film_1_frame813,2
film_1_frame814,2
film_1_frame815,2
film_1_frame816,2
film_1_frame817,2
film_1_frame818,2
film_1_frame819,2
film_1_frame820,2
film_1_frame821,2
film_1_frame822,2
film_1_frame823,2
film_1_frame824,2
film_1_frame825,2
film_1_frame826,2
film_1_frame827,2
film_1_frame828,2
film_1_frame829,2
film_1_frame830,2
film_1_frame831,2
film_1_frame832,2
film_1_frame833,2
film_1_frame834,2
film_1_frame835,2
film_1_frame836,2
film_1_frame837,2
film_1_frame838,2
film_1_frame839,2
film_1_frame840,2
film_1_frame841,2
film_1_frame842,2
film_1_frame843,2
film_1_frame844,2
film_1_frame845,2
film_1_frame846,2
film_1_frame847,2
film_1_frame848,2
film_1_frame849,2
film_1_frame850,2
film_1_frame851,2
film_1_frame852,2
film_1_frame853,2
film_1_frame854,2
film_1_frame855,2
film_1_frame856,2
film_1_frame857,2
film_1_frame858,2
film_1_frame859,2
film_1_frame860,2
film_1_frame861,2
film_1_frame862,2
film_1_frame863,2
film_1_frame864,2
film_1_frame865,2
film_1_frame866,2
film_1_frame867,2
film_1_frame868,2
film_1_frame869,2
film_1_frame870,2
film_1_frame871,2
film_1_frame872,2
film_1_frame873,2
film_1_frame874,2
film_1_frame875,2
film_1_frame876,2
film_1_frame877,2
film_1_frame878,2
film_1_frame879,2
film_1_frame880,2
film_1_frame881,2
film_1_frame882,2
film_1_frame883,2
film_1_frame884,2
film_1_frame885,2
film_1_frame886,2
film_1_frame887,2
film_1_frame888,2
film_1_frame889,2
film_1_frame890,2
film_1_frame891,2
film_1_frame892,2
film_1_frame893,2
film_1_frame894,2
film_1_frame895,2
film_1_frame896,2
film_1_frame897,2
film_1_frame898,2
film_1_frame899,2
film_1_frame900,2
film_1_frame901,2
film_1_frame902,2
film_1_frame903,2
film_1_frame904,2
film_1_frame905,2
film_1_frame906,2
film_1_frame907,2
film_1_frame908,2
film_1_frame909,2
film_1_frame910,2
film_1_frame911,2
film_1_frame912,2
film_1_frame913,2
film_1_frame914,2
film_1_frame915,2
film_1_frame916,2
film_1_frame917,2
film_1_frame918,2
film_1_frame919,2
film_1_frame920,2
film_1_frame921,2
film_1_frame922,2
film_1_frame923,2
film_1_frame924,2
film_1_frame925,2
film_1_frame926,2
film_1_frame927,2
film_1_frame928,2
film_1_frame929,2
film_1_frame930,2
film_1_frame931,2
film_1_frame932,2
film_1_frame933,2
film_1_frame934,2
film_1_frame935,2
film_1_frame936,2
film_1_frame937,2
film_1_frame938,2
film_1_frame939,2
film_1_frame940,2
film_1_frame941,2
film_1_frame942,2
film_1_frame943,2
film_1_frame944,2
film_1_frame945,2
film_1_frame946,2
film_1_frame947,2
film_1_frame948,2
film_1_frame949,2
film_1_frame950,2
film_1_frame951,2
film_1_frame952,2
film_1_frame953,2
film_1_frame954,2
film_1_frame955,2
film_1_frame956,2
film_1_frame957,0
film_1_frame958,0
film_1_frame959,0
film_1_frame960,0
film_1_frame961,0
film_1_frame962,0
film_1_frame963,0
film_1_frame964,0
film_1_frame965,0
film_1_frame966,0
film_1_frame967,0
film_1_frame968,0
film_1_frame969,0
film_1_frame970,0
film_1_frame971,0
film_1_frame972,0
film_1_frame973,0
film_1_frame974,0
film_1_frame975,0
film_1_frame976,0
film_1_frame977,0
film_1_frame978,0
film_1_frame979,0
film_1_frame980,0
film_1_frame981,0
film_1_frame982,0
film_1_frame983,0
film_1_frame984,0
film_1_frame985,0
film_1_frame986,0
film_1_frame987,0
film_1_frame988,0
film_1_frame989,0
film_1_frame990,0
film_1_frame991,0
film_1_frame992,0
film_1_frame993,0
film_1_frame994,0
film_1_frame995,0
film_1_frame996,0
film_1_frame997,0
film_1_frame998,0
film_1_frame999,0
film_1_frame1000,0
film_1_frame1001,0
film_1_frame1002,0
film_1_frame1003,0
film_1_frame1004,0
film_1_frame1005,0
film_1_frame1006,0
film_1_frame1007,0
film_1_frame1008,0
film_1_frame1009,0
film_1_frame1010,0
film_1_frame1011,0
film_1_frame1012,0
film_1_frame1013,0
film_1_frame1014,1
film_1_frame1015,1
film_1_frame1016,1
film_1_frame1017,1
film_1_frame1018,1
film_1_frame1019,1
film_1_frame1020,1
film_1_frame1021,1
film_1_frame1022,1
film_1_frame1023,1
film_1_frame1024,1
film_1_frame1025,1
film_1_frame1026,1
film_1_frame1027,1
film_1_frame1028,1
film_1_frame1029,1
film_1_frame1030,1
film_1_frame1031,1
film_1_frame1032,1
film_1_frame1033,1
film_1_frame1034,1
film_1_frame1035,1
film_1_frame1036,1
film_1_frame1037,1
film_2_frame0,1
film_2_frame1,1
film_2_frame2,1
film_2_frame3,1
film_2_frame4,1
film_2_frame5,1
film_2_frame6,1
film_2_frame7,1
film_2_frame8,1
film_2_frame9,1
film_2_frame10,1
film_2_frame11,1
film_2_frame12,1
film_2_frame13,1
film_2_frame14,1
film_2_frame15,1
film_2_frame16,1
film_2_frame17,1
film_2_frame18,1
film_2_frame19,1
film_2_frame20,1
film_2_frame21,1
film_2_frame22,1
film_2_frame23,1
film_2_frame24,1
film_2_frame25,1
film_2_frame26,1
film_2_frame27,1
film_2_frame28,1
film_2_frame29,1
film_2_frame30,1
film_2_frame31,1
film_2_frame32,1
film_2_frame33,1
film_2_frame34,1
film_2_frame35,1
film_2_frame36,1
film_2_frame37,1
film_2_frame38,1
film_2_frame39,1
film_2_frame40,1
film_2_frame41,1
film_2_frame42,1
film_2_frame43,1
film_2_frame44,1
film_2_frame45,1
film_2_frame46,1
film_2_frame47,1
film_2_frame48,1
film_2_frame49,1
film_2_frame50,1
film_2_frame51,1
film_2_frame52,1
film_2_frame53,1
film_2_frame54,1
film_2_frame55,1
film_2_frame56,1
film_2_frame57,1
film_2_frame58,1
film_2_frame59,1
film_2_frame60,1
film_2_frame61,1
film_2_frame62,1
film_2_frame63,1
film_2_frame64,1
film_2_frame65,1
film_2_frame66,1
film_2_frame67,1
film_2_frame68,1
film_2_frame69,1
film_2_frame70,1
film_2_frame71,1
film_2_frame72,1
film_2_frame73,1
film_2_frame74,1
film_2_frame75,1
film_2_frame76,1
film_2_frame77,1
film_2_frame78,1
film_2_frame79,1
film_2_frame80,1
film_2_frame81,1
film_2_frame82,1
film_2_frame83,1
film_2_frame84,1
film_2_frame85,1
film_2_frame86,1
film_2_frame87,1
film_2_frame88,1
film_2_frame89,1
film_2_frame90,1
film_2_frame91,1
film_2_frame92,1
film_2_frame93,1
film_2_frame94,1
film_2_frame95,1
film_2_frame96,1
film_2_frame97,1
film_2_frame98,1
film_2_frame99,1
film_2_frame100,1
film_2_frame101,1
film_2_frame102,1
film_2_frame103,1
film_2_frame104,1
film_2_frame105,1
film_2_frame106,1
film_2_frame107,1
film_2_frame108,1
film_2_frame109,1
film_2_frame110,1
film_2_frame111,1
film_2_frame112,1
film_2_frame113,1
film_2_frame114,1
film_2_frame115,1
film_2_frame116,1
film_2_frame117,1
film_2_frame118,1
film_2_frame119,1
film_2_frame120,1
film_2_frame121,1
film_2_frame122,1
film_2_frame123,1
film_2_frame124,1
film_2_frame125,1
film_2_frame126,1
film_2_frame127,1
film_2_frame128,1
film_2_frame129,1
film_2_frame130,1
film_2_frame131,1
film_2_frame132,1
film_2_frame133,1
film_2_frame134,1
film_2_frame135,1
film_2_frame136,1
film_2_frame137,1
film_2_frame138,1
film_2_frame139,1
film_2_frame140,1
film_2_frame141,1
film_2_frame142,1
film_2_frame143,1
film_2_frame144,1
film_2_frame145,1
film_2_frame146,1
film_2_frame147,1
film_2_frame148,1
film_2_frame149,1
film_2_frame150,1
film_2_frame151,1
film_2_frame152,1
film_2_frame153,1
film_2_frame154,1
film_2_frame155,1
film_2_frame156,1
film_2_frame157,1
film_2_frame158,1
film_2_frame159,1
film_2_frame160,1
film_2_frame161,1
film_2_frame162,1
film_2_frame163,1
film_2_frame164,1
film_2_frame165,1
film_2_frame166,1
film_2_frame167,1
film_2_frame168,1
film_2_frame169,1
film_2_frame170,1
film_2_frame171,1
film_2_frame172,1
film_2_frame173,1
film_2_frame174,1
film_2_frame175,1
film_2_frame176,1
film_2_frame177,1
film_2_frame178,1
film_2_frame179,1
film_2_frame180,1
film_2_frame181,1
film_2_frame182,1
film_2_frame183,1
film_2_frame184,1
film_2_frame185,1
film_2_frame186,1
film_2_frame187,1
film_2_frame188,1
film_2_frame189,1
film_2_frame190,1
film_2_frame191,1
film_2_frame192,1
film_2_frame193,1
film_2_frame194,1
film_2_frame195,1
film_2_frame196,1
film_2_frame197,1
film_2_frame198,1
film_2_frame199,1
film_2_frame200,1
film_2_frame201,1
film_2_frame202,1
film_2_frame203,1
film_2_frame204,1
film_2_frame205,1
film_2_frame206,1
film_2_frame207,1
film_2_frame208,1
film_2_frame209,1
film_2_frame210,1
film_2_frame211,1
film_2_frame212,1
film_2_frame213,1
film_2_frame214,1
film_2_frame215,1
film_2_frame216,1
film_2_frame217,1
film_2_frame218,1
film_2_frame219,1
film_2_frame220,1
film_2_frame221,1
film_2_frame222,1
film_2_frame223,1
film_2_frame224,1
film_2_frame225,1
film_2_frame226,1
film_2_frame227,1
film_2_frame228,1
film_2_frame229,1
film_2_frame230,1
film_2_frame231,1
film_2_frame232,1
film_2_frame233,1
film_2_frame234,1
film_2_frame235,1
film_2_frame236,1
film_2_frame237,1
film_2_frame238,1
film_2_frame239,1
film_2_frame240,1
film_2_frame241,1
film_2_frame242,1
film_2_frame243,1
film_2_frame244,1
film_2_frame245,1
film_2_frame246,1
film_2_frame247,1
film_2_frame248,1
film_2_frame249,1
film_2_frame250,1
film_2_frame251,1
film_2_frame252,1
film_2_frame253,1
film_2_frame254,1
film_2_frame255,1
film_2_frame256,1
film_2_frame257,1
film_2_frame258,1
film_2_frame259,1
film_2_frame260,1
film_2_frame261,1
film_2_frame262,1
film_2_frame263,1
film_2_frame264,1
film_2_frame265,1
film_2_frame266,1
film_2_frame267,1
film_2_frame268,1
film_2_frame269,1
film_2_frame270,1
film_2_frame271,1
film_2_frame272,1
film_2_frame273,1
film_2_frame274,1
film_2_frame275,1
film_2_frame276,1
film_2_frame277,1
film_2_frame278,1
film_2_frame279,1
film_2_frame280,1
film_2_frame281,1
film_2_frame282,1
film_2_frame283,1
film_2_frame284,1
film_2_frame285,1
film_2_frame286,1
film_2_frame287,1
film_2_frame288,1
film_2_frame289,1
film_2_frame290,1
film_2_frame291,1
film_2_frame292,1
film_2_frame293,1
film_2_frame294,1
film_2_frame295,1
film_2_frame296,1
film_2_frame297,1
film_2_frame298,1
film_2_frame299,1
film_2_frame300,1
film_2_frame301,1
film_2_frame302,1
film_2_frame303,1
film_2_frame304,1
film_2_frame305,1
film_2_frame306,1
film_2_frame307,1
film_2_frame308,1
film_2_frame309,1
film_2_frame310,1
film_2_frame311,1
film_2_frame312,1
film_2_frame313,1
film_2_frame314,1
film_2_frame315,1
film_2_frame316,1
film_2_frame317,1
film_2_frame318,1
film_2_frame319,1
film_2_frame320,1
film_2_frame321,1
film_2_frame322,1
film_2_frame323,1
film_2_frame324,1
film_2_frame325,1
film_2_frame326,1
film_2_frame327,1
film_2_frame328,1
film_2_frame329,1
film_2_frame330,1
film_2_frame331,1
film_2_frame332,1
film_2_frame333,1
film_2_frame334,1
film_2_frame335,1
film_2_frame336,1
film_2_frame337,1
film_2_frame338,1
film_2_frame339,1
film_2_frame340,1
film_2_frame341,1
film_2_frame342,1
film_2_frame343,1
film_2_frame344,1
film_2_frame345,1
film_2_frame346,1
film_2_frame347,1
film_2_frame348,1
film_2_frame349,1
film_2_frame350,1
film_2_frame351,1
film_2_frame352,1
film_2_frame353,1
film_2_frame354,1
film_2_frame355,1
film_2_frame356,1
film_2_frame357,1
film_2_frame358,1
film_2_frame359,1
film_2_frame360,1
film_2_frame361,1
film_2_frame362,1
film_2_frame363,1
film_2_frame364,1
film_2_frame365,1
film_2_frame366,1
film_2_frame367,1
film_2_frame368,1
film_2_frame369,1
film_2_frame370,1
film_2_frame371,1
film_2_frame372,1
film_2_frame373,1
film_2_frame374,1
film_2_frame375,1
film_2_frame376,1
film_2_frame377,1
film_2_frame378,1
film_2_frame379,1
film_2_frame380,1
film_2_frame381,1
film_2_frame382,1
film_2_frame383,1
film_2_frame384,1
film_2_frame385,1
film_2_frame386,1
film_2_frame387,1
film_2_frame388,1
film_2_frame389,1
film_2_frame390,1
film_2_frame391,1
film_2_frame392,1
film_2_frame393,2
film_2_frame394,2
film_2_frame395,2
film_2_frame396,2
film_2_frame397,2
film_2_frame398,2
film_2_frame399,2
film_2_frame400,2
film_2_frame401,2
film_2_frame402,2
film_2_frame403,2
film_2_frame404,2
film_2_frame405,2
film_2_frame406,2
film_2_frame407,2
film_2_frame408,2
film_2_frame409,2
film_2_frame410,2
film_2_frame411,2
film_2_frame412,2
film_2_frame413,2
film_2_frame414,2
film_2_frame415,2
film_2_frame416,2
film_2_frame417,2
film_2_frame418,2
film_2_frame419,2
film_2_frame420,2
film_2_frame421,2
film_2_frame422,2
film_2_frame423,2
film_2_frame424,2
film_2_frame425,2
film_2_frame426,2
film_2_frame427,2
film_2_frame428,2
film_2_frame429,2
film_2_frame430,2
film_2_frame431,2
film_2_frame432,2
film_2_frame433,2
film_2_frame434,2
film_2_frame435,2
film_2_frame436,2
film_2_frame437,2
film_2_frame438,2
film_2_frame439,2
film_2_frame440,2
film_2_frame441,2
film_2_frame442,2
film_2_frame443,2
film_2_frame444,2
film_2_frame445,2
film_2_frame446,2
film_2_frame447,2
film_2_frame448,2
film_2_frame449,2
film_2_frame450,2
film_2_frame451,2
film_2_frame452,2
film_2_frame453,2
film_2_frame454,2
film_2_frame455,2
film_2_frame456,2
film_2_frame457,2
film_2_frame458,2
film_2_frame459,2
film_2_frame460,2
film_2_frame461,2
film_2_frame462,2
film_2_frame463,2
film_2_frame464,2
film_2_frame465,2
film_2_frame466,2
film_2_frame467,2
film_2_frame468,2
film_2_frame469,2
film_2_frame470,2
film_2_frame471,2
film_2_frame472,2
film_2_frame473,2
film_2_frame474,2
film_2_frame475,2
film_2_frame476,2
film_2_frame477,2
film_2_frame478,2
film_2_frame479,2
film_2_frame480,2
film_2_frame481,2
film_2_frame482,2
film_2_frame483,2
film_2_frame484,2
film_2_frame485,2
film_2_frame486,2
film_2_frame487,2
film_2_frame488,2
film_2_frame489,2
film_2_frame490,2
film_2_frame491,2
film_2_frame492,2
film_2_frame493,2
film_2_frame494,2
film_2_frame495,2
film_2_frame496,2
film_2_frame497,2
film_2_frame498,2
film_2_frame499,2
film_2_frame500,2
film_2_frame501,2
film_2_frame502,2
film_2_frame503,2
film_2_frame504,2
film_2_frame505,2
film_2_frame506,2
film_2_frame507,2
film_2_frame508,2
film_2_frame509,2
film_2_frame510,2
film_2_frame511,2
film_2_frame512,2
film_2_frame513,2
film_2_frame514,2
film_2_frame515,2
film_2_frame516,2
film_2_frame517,2
film_2_frame518,2
film_2_frame519,2
film_2_frame520,2
film_2_frame521,2
film_2_frame522,2
film_2_frame523,2
film_2_frame524,2
film_2_frame525,2
film_2_frame526,2
film_2_frame527,2
film_2_frame528,2
film_2_frame529,2
film_2_frame530,2
film_2_frame531,2
film_2_frame532,2
film_2_frame533,2
film_2_frame534,2
film_2_frame535,2
film_2_frame536,2
film_2_frame537,2
film_2_frame538,2
film_2_frame539,2
film_2_frame540,2
film_2_frame541,2
film_2_frame542,2
film_2_frame543,2
film_2_frame544,2
film_2_frame545,2
film_2_frame546,2
film_2_frame547,2
film_2_frame548,2
film_2_frame549,2
film_2_frame550,2
film_2_frame551,2
film_2_frame552,2
film_2_frame553,2
film_2_frame554,2
film_2_frame555,2
film_2_frame556,2
film_2_frame557,2
film_2_frame558,2
film_2_frame559,2
film_2_frame560,0
film_2_frame561,0
film_2_frame562,0
film_2_frame563,0
film_2_frame564,0
film_2_frame565,0
film_2_frame566,0
film_2_frame567,0
film_2_frame568,0
film_2_frame569,0
film_2_frame570,0
film_2_frame571,0
film_2_frame572,0
film_2_frame573,0
film_2_frame574,0
film_2_frame575,0
film_2_frame576,0
film_2_frame577,0
film_2_frame578,0
film_2_frame579,0
film_2_frame580,0
film_2_frame581,0
film_2_frame582,0
film_2_frame583,0